[{"model": "contenttypes.contenttype", "pk": 1, "fields": {"app_label": "admin", "model": "logentry"}}, {"model": "contenttypes.contenttype", "pk": 2, "fields": {"app_label": "auth", "model": "permission"}}, {"model": "contenttypes.contenttype", "pk": 3, "fields": {"app_label": "auth", "model": "group"}}, {"model": "contenttypes.contenttype", "pk": 4, "fields": {"app_label": "contenttypes", "model": "contenttype"}}, {"model": "contenttypes.contenttype", "pk": 5, "fields": {"app_label": "sessions", "model": "session"}}, {"model": "contenttypes.contenttype", "pk": 6, "fields": {"app_label": "authentication", "model": "user"}}, {"model": "contenttypes.contenttype", "pk": 7, "fields": {"app_label": "authentication", "model": "team"}}, {"model": "contenttypes.contenttype", "pk": 8, "fields": {"app_label": "contest", "model": "benchmarker"}}, {"model": "contenttypes.contenttype", "pk": 9, "fields": {"app_label": "contest", "model": "server"}}, {"model": "contenttypes.contenttype", "pk": 10, "fields": {"app_label": "contest", "model": "scorehistory"}}, {"model": "contenttypes.contenttype", "pk": 11, "fields": {"app_label": "contest", "model": "aggregatedscore"}}, {"model": "contenttypes.contenttype", "pk": 12, "fields": {"app_label": "contest", "model": "job"}}, {"model": "contest.benchmarker", "pk": 1, "fields": {"ip": "198.51.84.0"}}, {"model": "contest.benchmarker", "pk": 2, "fields": {"ip": "203.0.244.1"}}, {"model": "contest.benchmarker", "pk": 3, "fields": {"ip": "198.48.251.2"}}, {"model": "contest.benchmarker", "pk": 4, "fields": {"ip": "192.175.102.3"}}, {"model": "contest.benchmarker", "pk": 5, "fields": {"ip": "96.176.200.4"}}, {"model": "contest.benchmarker", "pk": 6, "fields": {"ip": "198.51.99.5"}}, {"model": "contest.benchmarker", "pk": 7, "fields": {"ip": "198.10.15.6"}}, {"model": "contest.benchmarker", "pk": 8, "fields": {"ip": "203.0.38.7"}}, {"model": "contest.benchmarker", "pk": 9, "fields": {"ip": "192.90.3.8"}}, {"model": "contest.benchmarker", "pk": 10, "fields": {"ip": "192.0.9.9"}}, {"model": "contest.server", "pk": 1, "fields": {"team": 1, "hostname": "server0", "global_ip": "198.179.115.0", "private_ip": "102.57.204.0", "is_bench_target": true}}, {"model": "contest.server", "pk": 2, "fields": {"team": 1, "hostname": "server1", "global_ip": "192.173.4.1", "private_ip": "198.51.193.1", "is_bench_target": false}}, {"model": "contest.server", "pk": 3, "fields": {"team": 1, "hostname": "server2", "global_ip": "100.60.124.2", "private_ip": "202.215.106.2", "is_bench_target": false}}, {"model": "contest.server", "pk": 4, "fields": {"team": 2, "hostname": "server3", "global_ip": "192.0.10.3", "private_ip": "192.0.246.3", "is_bench_target": true}}, {"model": "contest.server", "pk": 5, "fields": {"team": 2, "hostname": "server4", "global_ip": "192.52.54.4", "private_ip": "198.51.109.4", "is_bench_target": false}}, {"model": "contest.server", "pk": 6, "fields": {"team": 2, "hostname": "server5", "global_ip": "171.18.174.5", "private_ip": "192.31.199.5", "is_bench_target": false}}, {"model": "contest.server", "pk": 7, "fields": {"team": 3, "hostname": "server6", "global_ip": "192.88.96.6", "private_ip": "125.243.206.6", "is_bench_target": true}}, {"model": "contest.server", "pk": 8, "fields": {"team": 3, "hostname": "server7", "global_ip": "198.40.133.7", "private_ip": "192.45.247.7", "is_bench_target": false}}, {"model": "contest.server", "pk": 9, "fields": {"team": 3, "hostname": "server8", "global_ip": "198.55.62.8", "private_ip": "199.157.165.8", "is_bench_target": false}}, {"model": "contest.server", "pk": 10, "fields": {"team": 4, "hostname": "server9", "global_ip": "198.51.116.9", "private_ip": "194.209.240.9", "is_bench_target": true}}, {"model": "contest.server", "pk": 11, "fields": {"team": 4, "hostname": "server10", "global_ip": "198.21.89.10", "private_ip": "168.243.190.10", "is_bench_target": false}}, {"model": "contest.server", "pk": 12, "fields": {"team": 4, "hostname": "server11", "global_ip": "169.41.69.11", "private_ip": "192.0.132.11", "is_bench_target": false}}, {"model": "contest.server", "pk": 13, "fields": {"team": 5, "hostname": "server12", "global_ip": "100.62.66.12", "private_ip": "192.20.61.12", "is_bench_target": true}}, {"model": "contest.server", "pk": 14, "fields": {"team": 5, "hostname": "server13", "global_ip": "192.90.90.13", "private_ip": "28.152.148.13", "is_bench_target": false}}, {"model": "contest.server", "pk": 15, "fields": {"team": 5, "hostname": "server14", "global_ip": "192.0.4.14", "private_ip": "203.0.117.14", "is_bench_target": false}}, {"model": "contest.server", "pk": 16, "fields": {"team": 6, "hostname": "server15", "global_ip": "192.86.78.15", "private_ip": "198.58.38.15", "is_bench_target": true}}, {"model": "contest.server", "pk": 17, "fields": {"team": 6, "hostname": "server16", "global_ip": "192.88.100.16", "private_ip": "192.0.62.16", "is_bench_target": false}}, {"model": "contest.server", "pk": 18, "fields": {"team": 6, "hostname": "server17", "global_ip": "198.25.134.17", "private_ip": "108.96.52.17", "is_bench_target": false}}, {"model": "contest.server", "pk": 19, "fields": {"team": 7, "hostname": "server18", "global_ip": "192.30.138.18", "private_ip": "11.173.185.18", "is_bench_target": true}}, {"model": "contest.server", "pk": 20, "fields": {"team": 7, "hostname": "server19", "global_ip": "198.51.96.19", "private_ip": "193.255.173.19", "is_bench_target": false}}, {"model": "contest.server", "pk": 21, "fields": {"team": 7, "hostname": "server20", "global_ip": "169.232.172.20", "private_ip": "192.88.253.20", "is_bench_target": false}}, {"model": "contest.server", "pk": 22, "fields": {"team": 8, "hostname": "server21", "global_ip": "1.40.15.21", "private_ip": "192.88.107.21", "is_bench_target": true}}, {"model": "contest.server", "pk": 23, "fields": {"team": 8, "hostname": "server22", "global_ip": "203.0.111.22", "private_ip": "192.168.83.22", "is_bench_target": false}}, {"model": "contest.server", "pk": 24, "fields": {"team": 8, "hostname": "server23", "global_ip": "203.2.167.23", "private_ip": "192.52.198.23", "is_bench_target": false}}, {"model": "contest.server", "pk": 25, "fields": {"team": 9, "hostname": "server24", "global_ip": "203.49.211.24", "private_ip": "169.252.151.24", "is_bench_target": true}}, {"model": "contest.server", "pk": 26, "fields": {"team": 9, "hostname": "server25", "global_ip": "192.89.15.25", "private_ip": "98.230.141.25", "is_bench_target": false}}, {"model": "contest.server", "pk": 27, "fields": {"team": 9, "hostname": "server26", "global_ip": "192.2.217.26", "private_ip": "192.31.198.26", "is_bench_target": false}}, {"model": "contest.server", "pk": 28, "fields": {"team": 10, "hostname": "server27", "global_ip": "192.175.202.27", "private_ip": "198.22.25.27", "is_bench_target": true}}, {"model": "contest.server", "pk": 29, "fields": {"team": 10, "hostname": "server28", "global_ip": "192.219.74.28", "private_ip": "203.0.34.28", "is_bench_target": false}}, {"model": "contest.server", "pk": 30, "fields": {"team": 10, "hostname": "server29", "global_ip": "192.166.2.29", "private_ip": "169.225.197.29", "is_bench_target": false}}, {"model": "contest.scorehistory", "pk": 1, "fields": {"team": 1, "job": 1, "score": 15927, "is_passed": true, "created_at": "2019-06-24T02:45:17.684Z", "updated_at": "2019-06-24T02:45:17.684Z"}}, {"model": "contest.scorehistory", "pk": 2, "fields": {"team": 1, "job": 2, "score": 0, "is_passed": false, "created_at": "2019-06-24T02:45:17.690Z", "updated_at": "2019-06-24T02:45:17.691Z"}}, {"model": "contest.scorehistory", "pk": 3, "fields": {"team": 1, "job": 3, "score": 0, "is_passed": false, "created_at": "2019-06-24T02:45:17.696Z", "updated_at": "2019-06-24T02:45:17.696Z"}}, {"model": "contest.scorehistory", "pk": 4, "fields": {"team": 2, "job": 4, "score": 0, "is_passed": false, "created_at": "2019-06-24T02:45:18.141Z", "updated_at": "2019-06-24T02:45:18.141Z"}}, {"model": "contest.scorehistory", "pk": 5, "fields": {"team": 2, "job": 5, "score": 0, "is_passed": false, "created_at": "2019-06-24T02:45:18.148Z", "updated_at": "2019-06-24T02:45:18.148Z"}}, {"model": "contest.scorehistory", "pk": 6, "fields": {"team": 2, "job": 6, "score": 19385, "is_passed": true, "created_at": "2019-06-24T02:45:18.155Z", "updated_at": "2019-06-24T02:45:18.155Z"}}, {"model": "contest.scorehistory", "pk": 7, "fields": {"team": 3, "job": 7, "score": 22614, "is_passed": true, "created_at": "2019-06-24T02:45:18.695Z", "updated_at": "2019-06-24T02:45:18.695Z"}}, {"model": "contest.scorehistory", "pk": 8, "fields": {"team": 3, "job": 8, "score": 58825, "is_passed": true, "created_at": "2019-06-24T02:45:18.701Z", "updated_at": "2019-06-24T02:45:18.701Z"}}, {"model": "contest.scorehistory", "pk": 9, "fields": {"team": 3, "job": 9, "score": 0, "is_passed": false, "created_at": "2019-06-24T02:45:18.707Z", "updated_at": "2019-06-24T02:45:18.707Z"}}, {"model": "contest.scorehistory", "pk": 10, "fields": {"team": 3, "job": 10, "score": 14764, "is_passed": true, "created_at": "2019-06-24T02:45:18.713Z", "updated_at": "2019-06-24T02:45:18.713Z"}}, {"model": "contest.scorehistory", "pk": 11, "fields": {"team": 4, "job": 11, "score": 46232, "is_passed": true, "created_at": "2019-06-24T02:45:19.180Z", "updated_at": "2019-06-24T02:45:19.181Z"}}, {"model": "contest.scorehistory", "pk": 12, "fields": {"team": 4, "job": 12, "score": 0, "is_passed": false, "created_at": "2019-06-24T02:45:19.187Z", "updated_at": "2019-06-24T02:45:19.187Z"}}, {"model": "contest.scorehistory", "pk": 13, "fields": {"team": 4, "job": 13, "score": 0, "is_passed": false, "created_at": "2019-06-24T02:45:19.191Z", "updated_at": "2019-06-24T02:45:19.191Z"}}, {"model": "contest.scorehistory", "pk": 14, "fields": {"team": 4, "job": 14, "score": 10093, "is_passed": true, "created_at": "2019-06-24T02:45:19.197Z", "updated_at": "2019-06-24T02:45:19.197Z"}}, {"model": "contest.scorehistory", "pk": 15, "fields": {"team": 4, "job": 15, "score": 81144, "is_passed": true, "created_at": "2019-06-24T02:45:19.203Z", "updated_at": "2019-06-24T02:45:19.203Z"}}, {"model": "contest.scorehistory", "pk": 16, "fields": {"team": 4, "job": 16, "score": 0, "is_passed": false, "created_at": "2019-06-24T02:45:19.209Z", "updated_at": "2019-06-24T02:45:19.209Z"}}, {"model": "contest.scorehistory", "pk": 17, "fields": {"team": 4, "job": 17, "score": 0, "is_passed": false, "created_at": "2019-06-24T02:45:19.215Z", "updated_at": "2019-06-24T02:45:19.215Z"}}, {"model": "contest.scorehistory", "pk": 18, "fields": {"team": 4, "job": 18, "score": 0, "is_passed": false, "created_at": "2019-06-24T02:45:19.221Z", "updated_at": "2019-06-24T02:45:19.221Z"}}, {"model": "contest.scorehistory", "pk": 19, "fields": {"team": 5, "job": 19, "score": 0, "is_passed": false, "created_at": "2019-06-24T02:45:19.785Z", "updated_at": "2019-06-24T02:45:19.785Z"}}, {"model": "contest.scorehistory", "pk": 20, "fields": {"team": 5, "job": 20, "score": 59565, "is_passed": true, "created_at": "2019-06-24T02:45:19.791Z", "updated_at": "2019-06-24T02:45:19.791Z"}}, {"model": "contest.scorehistory", "pk": 21, "fields": {"team": 6, "job": 21, "score": 0, "is_passed": false, "created_at": "2019-06-24T02:45:20.251Z", "updated_at": "2019-06-24T02:45:20.251Z"}}, {"model": "contest.scorehistory", "pk": 22, "fields": {"team": 6, "job": 22, "score": 44325, "is_passed": true, "created_at": "2019-06-24T02:45:20.257Z", "updated_at": "2019-06-24T02:45:20.257Z"}}, {"model": "contest.scorehistory", "pk": 23, "fields": {"team": 6, "job": 23, "score": 0, "is_passed": false, "created_at": "2019-06-24T02:45:20.263Z", "updated_at": "2019-06-24T02:45:20.263Z"}}, {"model": "contest.scorehistory", "pk": 24, "fields": {"team": 7, "job": 24, "score": 32087, "is_passed": true, "created_at": "2019-06-24T02:45:20.725Z", "updated_at": "2019-06-24T02:45:20.725Z"}}, {"model": "contest.scorehistory", "pk": 25, "fields": {"team": 7, "job": 25, "score": 48286, "is_passed": true, "created_at": "2019-06-24T02:45:20.731Z", "updated_at": "2019-06-24T02:45:20.731Z"}}, {"model": "contest.scorehistory", "pk": 26, "fields": {"team": 7, "job": 26, "score": 0, "is_passed": false, "created_at": "2019-06-24T02:45:20.736Z", "updated_at": "2019-06-24T02:45:20.736Z"}}, {"model": "contest.scorehistory", "pk": 27, "fields": {"team": 7, "job": 27, "score": 0, "is_passed": false, "created_at": "2019-06-24T02:45:20.741Z", "updated_at": "2019-06-24T02:45:20.741Z"}}, {"model": "contest.scorehistory", "pk": 28, "fields": {"team": 7, "job": 28, "score": 0, "is_passed": false, "created_at": "2019-06-24T02:45:20.746Z", "updated_at": "2019-06-24T02:45:20.746Z"}}, {"model": "contest.scorehistory", "pk": 29, "fields": {"team": 7, "job": 29, "score": 0, "is_passed": false, "created_at": "2019-06-24T02:45:20.751Z", "updated_at": "2019-06-24T02:45:20.751Z"}}, {"model": "contest.scorehistory", "pk": 30, "fields": {"team": 7, "job": 30, "score": 12223, "is_passed": true, "created_at": "2019-06-24T02:45:20.757Z", "updated_at": "2019-06-24T02:45:20.757Z"}}, {"model": "contest.scorehistory", "pk": 31, "fields": {"team": 7, "job": 31, "score": 57137, "is_passed": true, "created_at": "2019-06-24T02:45:20.763Z", "updated_at": "2019-06-24T02:45:20.763Z"}}, {"model": "contest.scorehistory", "pk": 32, "fields": {"team": 8, "job": 32, "score": 0, "is_passed": false, "created_at": "2019-06-24T02:45:21.220Z", "updated_at": "2019-06-24T02:45:21.220Z"}}, {"model": "contest.scorehistory", "pk": 33, "fields": {"team": 8, "job": 33, "score": 0, "is_passed": false, "created_at": "2019-06-24T02:45:21.227Z", "updated_at": "2019-06-24T02:45:21.227Z"}}, {"model": "contest.scorehistory", "pk": 34, "fields": {"team": 8, "job": 34, "score": 19583, "is_passed": true, "created_at": "2019-06-24T02:45:21.231Z", "updated_at": "2019-06-24T02:45:21.231Z"}}, {"model": "contest.scorehistory", "pk": 35, "fields": {"team": 8, "job": 35, "score": 0, "is_passed": false, "created_at": "2019-06-24T02:45:21.237Z", "updated_at": "2019-06-24T02:45:21.237Z"}}, {"model": "contest.scorehistory", "pk": 36, "fields": {"team": 8, "job": 36, "score": 0, "is_passed": false, "created_at": "2019-06-24T02:45:21.243Z", "updated_at": "2019-06-24T02:45:21.243Z"}}, {"model": "contest.scorehistory", "pk": 37, "fields": {"team": 8, "job": 37, "score": 74276, "is_passed": true, "created_at": "2019-06-24T02:45:21.249Z", "updated_at": "2019-06-24T02:45:21.249Z"}}, {"model": "contest.scorehistory", "pk": 38, "fields": {"team": 8, "job": 38, "score": 4579, "is_passed": true, "created_at": "2019-06-24T02:45:21.254Z", "updated_at": "2019-06-24T02:45:21.254Z"}}, {"model": "contest.scorehistory", "pk": 39, "fields": {"team": 8, "job": 39, "score": 33445, "is_passed": true, "created_at": "2019-06-24T02:45:21.260Z", "updated_at": "2019-06-24T02:45:21.260Z"}}, {"model": "contest.scorehistory", "pk": 40, "fields": {"team": 9, "job": 40, "score": 74753, "is_passed": true, "created_at": "2019-06-24T02:45:21.752Z", "updated_at": "2019-06-24T02:45:21.752Z"}}, {"model": "contest.scorehistory", "pk": 41, "fields": {"team": 9, "job": 41, "score": 71220, "is_passed": true, "created_at": "2019-06-24T02:45:21.764Z", "updated_at": "2019-06-24T02:45:21.764Z"}}, {"model": "contest.scorehistory", "pk": 42, "fields": {"team": 9, "job": 42, "score": 0, "is_passed": false, "created_at": "2019-06-24T02:45:21.770Z", "updated_at": "2019-06-24T02:45:21.770Z"}}, {"model": "contest.scorehistory", "pk": 43, "fields": {"team": 9, "job": 43, "score": 61854, "is_passed": true, "created_at": "2019-06-24T02:45:21.777Z", "updated_at": "2019-06-24T02:45:21.777Z"}}, {"model": "contest.scorehistory", "pk": 44, "fields": {"team": 10, "job": 44, "score": 25085, "is_passed": true, "created_at": "2019-06-24T02:45:22.262Z", "updated_at": "2019-06-24T02:45:22.262Z"}}, {"model": "contest.scorehistory", "pk": 45, "fields": {"team": 10, "job": 45, "score": 46357, "is_passed": true, "created_at": "2019-06-24T02:45:22.268Z", "updated_at": "2019-06-24T02:45:22.268Z"}}, {"model": "contest.scorehistory", "pk": 46, "fields": {"team": 10, "job": 46, "score": 54486, "is_passed": true, "created_at": "2019-06-24T02:45:22.273Z", "updated_at": "2019-06-24T02:45:22.273Z"}}, {"model": "contest.scorehistory", "pk": 47, "fields": {"team": 10, "job": 47, "score": 65831, "is_passed": true, "created_at": "2019-06-24T02:45:22.279Z", "updated_at": "2019-06-24T02:45:22.279Z"}}, {"model": "contest.scorehistory", "pk": 48, "fields": {"team": 10, "job": 48, "score": 0, "is_passed": false, "created_at": "2019-06-24T02:45:22.284Z", "updated_at": "2019-06-24T02:45:22.284Z"}}, {"model": "contest.scorehistory", "pk": 49, "fields": {"team": 10, "job": 49, "score": 0, "is_passed": false, "created_at": "2019-06-24T02:45:22.290Z", "updated_at": "2019-06-24T02:45:22.290Z"}}, {"model": "contest.scorehistory", "pk": 50, "fields": {"team": 10, "job": 50, "score": 0, "is_passed": false, "created_at": "2019-06-24T02:45:22.296Z", "updated_at": "2019-06-24T02:45:22.296Z"}}, {"model": "contest.scorehistory", "pk": 51, "fields": {"team": 10, "job": 51, "score": 0, "is_passed": false, "created_at": "2019-06-24T02:45:22.302Z", "updated_at": "2019-06-24T02:45:22.302Z"}}, {"model": "contest.scorehistory", "pk": 52, "fields": {"team": 10, "job": 52, "score": 71691, "is_passed": true, "created_at": "2019-06-24T02:45:22.307Z", "updated_at": "2019-06-24T02:45:22.308Z"}}, {"model": "contest.job", "pk": 1, "fields": {"team": 1, "status": "done", "is_passed": true, "score": 15927, "result_json": "{ \"score\": 15927, \"pass\": true }", "log_text": "Too animal training strategy game.", "created_at": "2019-06-24T02:45:17.682Z", "updated_at": "2019-06-24T02:45:17.682Z"}}, {"model": "contest.job", "pk": 2, "fields": {"team": 1, "status": "done", "is_passed": false, "score": 0, "result_json": "{ \"score\": 0, \"pass\": false }", "log_text": "Former cup school.", "created_at": "2019-06-24T02:45:17.689Z", "updated_at": "2019-06-24T02:45:17.689Z"}}, {"model": "contest.job", "pk": 3, "fields": {"team": 1, "status": "done", "is_passed": false, "score": 0, "result_json": "{ \"score\": 0, \"pass\": false }", "log_text": "Ok collection energy much loss here many herself.", "created_at": "2019-06-24T02:45:17.694Z", "updated_at": "2019-06-24T02:45:17.694Z"}}, {"model": "contest.job", "pk": 4, "fields": {"team": 2, "status": "done", "is_passed": false, "score": 0, "result_json": "{ \"score\": 0, \"pass\": false }", "log_text": "Successful focus story model cause ten sometimes institution.", "created_at": "2019-06-24T02:45:18.138Z", "updated_at": "2019-06-24T02:45:18.138Z"}}, {"model": "contest.job", "pk": 5, "fields": {"team": 2, "status": "done", "is_passed": false, "score": 0, "result_json": "{ \"score\": 0, \"pass\": false }", "log_text": "Huge data group top.", "created_at": "2019-06-24T02:45:18.145Z", "updated_at": "2019-06-24T02:45:18.146Z"}}, {"model": "contest.job", "pk": 6, "fields": {"team": 2, "status": "done", "is_passed": true, "score": 19385, "result_json": "{ \"score\": 19385, \"pass\": true }", "log_text": "Front according miss end player.", "created_at": "2019-06-24T02:45:18.153Z", "updated_at": "2019-06-24T02:45:18.153Z"}}, {"model": "contest.job", "pk": 7, "fields": {"team": 3, "status": "done", "is_passed": true, "score": 22614, "result_json": "{ \"score\": 22614, \"pass\": true }", "log_text": "Bring process industry second education her.", "created_at": "2019-06-24T02:45:18.693Z", "updated_at": "2019-06-24T02:45:18.693Z"}}, {"model": "contest.job", "pk": 8, "fields": {"team": 3, "status": "done", "is_passed": true, "score": 58825, "result_json": "{ \"score\": 58825, \"pass\": true }", "log_text": "Modern many air relationship even least.", "created_at": "2019-06-24T02:45:18.699Z", "updated_at": "2019-06-24T02:45:18.699Z"}}, {"model": "contest.job", "pk": 9, "fields": {"team": 3, "status": "done", "is_passed": false, "score": 0, "result_json": "{ \"score\": 0, \"pass\": false }", "log_text": "Continue author trial interview agency small.", "created_at": "2019-06-24T02:45:18.706Z", "updated_at": "2019-06-24T02:45:18.706Z"}}, {"model": "contest.job", "pk": 10, "fields": {"team": 3, "status": "done", "is_passed": true, "score": 14764, "result_json": "{ \"score\": 14764, \"pass\": true }", "log_text": "Forget in top begin name town something attack.", "created_at": "2019-06-24T02:45:18.711Z", "updated_at": "2019-06-24T02:45:18.711Z"}}, {"model": "contest.job", "pk": 11, "fields": {"team": 4, "status": "done", "is_passed": true, "score": 46232, "result_json": "{ \"score\": 46232, \"pass\": true }", "log_text": "Answer poor as heart pattern any.", "created_at": "2019-06-24T02:45:19.179Z", "updated_at": "2019-06-24T02:45:19.179Z"}}, {"model": "contest.job", "pk": 12, "fields": {"team": 4, "status": "done", "is_passed": false, "score": 0, "result_json": "{ \"score\": 0, \"pass\": false }", "log_text": "Senior movie lawyer above attorney structure.", "created_at": "2019-06-24T02:45:19.185Z", "updated_at": "2019-06-24T02:45:19.185Z"}}, {"model": "contest.job", "pk": 13, "fields": {"team": 4, "status": "done", "is_passed": false, "score": 0, "result_json": "{ \"score\": 0, \"pass\": false }", "log_text": "Eight forget pretty.", "created_at": "2019-06-24T02:45:19.190Z", "updated_at": "2019-06-24T02:45:19.190Z"}}, {"model": "contest.job", "pk": 14, "fields": {"team": 4, "status": "done", "is_passed": true, "score": 10093, "result_json": "{ \"score\": 10093, \"pass\": true }", "log_text": "Happy clear option.", "created_at": "2019-06-24T02:45:19.195Z", "updated_at": "2019-06-24T02:45:19.195Z"}}, {"model": "contest.job", "pk": 15, "fields": {"team": 4, "status": "done", "is_passed": true, "score": 81144, "result_json": "{ \"score\": 81144, \"pass\": true }", "log_text": "Build purpose left.", "created_at": "2019-06-24T02:45:19.201Z", "updated_at": "2019-06-24T02:45:19.201Z"}}, {"model": "contest.job", "pk": 16, "fields": {"team": 4, "status": "done", "is_passed": false, "score": 0, "result_json": "{ \"score\": 0, \"pass\": false }", "log_text": "Evidence money many back TV.", "created_at": "2019-06-24T02:45:19.208Z", "updated_at": "2019-06-24T02:45:19.208Z"}}, {"model": "contest.job", "pk": 17, "fields": {"team": 4, "status": "done", "is_passed": false, "score": 0, "result_json": "{ \"score\": 0, \"pass\": false }", "log_text": "Half may notice sister lay if.", "created_at": "2019-06-24T02:45:19.213Z", "updated_at": "2019-06-24T02:45:19.213Z"}}, {"model": "contest.job", "pk": 18, "fields": {"team": 4, "status": "done", "is_passed": false, "score": 0, "result_json": "{ \"score\": 0, \"pass\": false }", "log_text": "He difficult her if mean question accept.", "created_at": "2019-06-24T02:45:19.219Z", "updated_at": "2019-06-24T02:45:19.219Z"}}, {"model": "contest.job", "pk": 19, "fields": {"team": 5, "status": "done", "is_passed": false, "score": 0, "result_json": "{ \"score\": 0, \"pass\": false }", "log_text": "Just think represent foot almost.", "created_at": "2019-06-24T02:45:19.783Z", "updated_at": "2019-06-24T02:45:19.783Z"}}, {"model": "contest.job", "pk": 20, "fields": {"team": 5, "status": "done", "is_passed": true, "score": 59565, "result_json": "{ \"score\": 59565, \"pass\": true }", "log_text": "Drive like few concern camera central quality.", "created_at": "2019-06-24T02:45:19.789Z", "updated_at": "2019-06-24T02:45:19.789Z"}}, {"model": "contest.job", "pk": 21, "fields": {"team": 6, "status": "done", "is_passed": false, "score": 0, "result_json": "{ \"score\": 0, \"pass\": false }", "log_text": "Model serious method accept authority quality.", "created_at": "2019-06-24T02:45:20.249Z", "updated_at": "2019-06-24T02:45:20.249Z"}}, {"model": "contest.job", "pk": 22, "fields": {"team": 6, "status": "done", "is_passed": true, "score": 44325, "result_json": "{ \"score\": 44325, \"pass\": true }", "log_text": "Clear happen increase practice some act money game.", "created_at": "2019-06-24T02:45:20.255Z", "updated_at": "2019-06-24T02:45:20.255Z"}}, {"model": "contest.job", "pk": 23, "fields": {"team": 6, "status": "done", "is_passed": false, "score": 0, "result_json": "{ \"score\": 0, \"pass\": false }", "log_text": "Space catch pretty heavy manage.", "created_at": "2019-06-24T02:45:20.261Z", "updated_at": "2019-06-24T02:45:20.261Z"}}, {"model": "contest.job", "pk": 24, "fields": {"team": 7, "status": "done", "is_passed": true, "score": 32087, "result_json": "{ \"score\": 32087, \"pass\": true }", "log_text": "City just either she foot.", "created_at": "2019-06-24T02:45:20.722Z", "updated_at": "2019-06-24T02:45:20.722Z"}}, {"model": "contest.job", "pk": 25, "fields": {"team": 7, "status": "done", "is_passed": true, "score": 48286, "result_json": "{ \"score\": 48286, \"pass\": true }", "log_text": "Item moment do.", "created_at": "2019-06-24T02:45:20.728Z", "updated_at": "2019-06-24T02:45:20.729Z"}}, {"model": "contest.job", "pk": 26, "fields": {"team": 7, "status": "done", "is_passed": false, "score": 0, "result_json": "{ \"score\": 0, \"pass\": false }", "log_text": "They week west course between.", "created_at": "2019-06-24T02:45:20.734Z", "updated_at": "2019-06-24T02:45:20.734Z"}}, {"model": "contest.job", "pk": 27, "fields": {"team": 7, "status": "done", "is_passed": false, "score": 0, "result_json": "{ \"score\": 0, \"pass\": false }", "log_text": "Specific service result trade indicate job.", "created_at": "2019-06-24T02:45:20.739Z", "updated_at": "2019-06-24T02:45:20.739Z"}}, {"model": "contest.job", "pk": 28, "fields": {"team": 7, "status": "done", "is_passed": false, "score": 0, "result_json": "{ \"score\": 0, \"pass\": false }", "log_text": "Computer project gas.", "created_at": "2019-06-24T02:45:20.744Z", "updated_at": "2019-06-24T02:45:20.744Z"}}, {"model": "contest.job", "pk": 29, "fields": {"team": 7, "status": "done", "is_passed": false, "score": 0, "result_json": "{ \"score\": 0, \"pass\": false }", "log_text": "Wide effect line.", "created_at": "2019-06-24T02:45:20.750Z", "updated_at": "2019-06-24T02:45:20.750Z"}}, {"model": "contest.job", "pk": 30, "fields": {"team": 7, "status": "done", "is_passed": true, "score": 12223, "result_json": "{ \"score\": 12223, \"pass\": true }", "log_text": "Person here present military begin law growth.", "created_at": "2019-06-24T02:45:20.755Z", "updated_at": "2019-06-24T02:45:20.755Z"}}, {"model": "contest.job", "pk": 31, "fields": {"team": 7, "status": "done", "is_passed": true, "score": 57137, "result_json": "{ \"score\": 57137, \"pass\": true }", "log_text": "Sort develop while fish my our.", "created_at": "2019-06-24T02:45:20.761Z", "updated_at": "2019-06-24T02:45:20.761Z"}}, {"model": "contest.job", "pk": 32, "fields": {"team": 8, "status": "done", "is_passed": false, "score": 0, "result_json": "{ \"score\": 0, \"pass\": false }", "log_text": "Tax cup decide trip accept how leg.", "created_at": "2019-06-24T02:45:21.218Z", "updated_at": "2019-06-24T02:45:21.218Z"}}, {"model": "contest.job", "pk": 33, "fields": {"team": 8, "status": "done", "is_passed": false, "score": 0, "result_json": "{ \"score\": 0, \"pass\": false }", "log_text": "Now itself team arm worry election.", "created_at": "2019-06-24T02:45:21.225Z", "updated_at": "2019-06-24T02:45:21.225Z"}}, {"model": "contest.job", "pk": 34, "fields": {"team": 8, "status": "done", "is_passed": true, "score": 19583, "result_json": "{ \"score\": 19583, \"pass\": true }", "log_text": "Ok especially pay hair first team.", "created_at": "2019-06-24T02:45:21.230Z", "updated_at": "2019-06-24T02:45:21.230Z"}}, {"model": "contest.job", "pk": 35, "fields": {"team": 8, "status": "done", "is_passed": false, "score": 0, "result_json": "{ \"score\": 0, \"pass\": false }", "log_text": "He talk recently year they serve parent.", "created_at": "2019-06-24T02:45:21.236Z", "updated_at": "2019-06-24T02:45:21.236Z"}}, {"model": "contest.job", "pk": 36, "fields": {"team": 8, "status": "done", "is_passed": false, "score": 0, "result_json": "{ \"score\": 0, \"pass\": false }", "log_text": "Government pretty owner market.", "created_at": "2019-06-24T02:45:21.241Z", "updated_at": "2019-06-24T02:45:21.241Z"}}, {"model": "contest.job", "pk": 37, "fields": {"team": 8, "status": "done", "is_passed": true, "score": 74276, "result_json": "{ \"score\": 74276, \"pass\": true }", "log_text": "Alone give myself scene.", "created_at": "2019-06-24T02:45:21.247Z", "updated_at": "2019-06-24T02:45:21.247Z"}}, {"model": "contest.job", "pk": 38, "fields": {"team": 8, "status": "done", "is_passed": true, "score": 4579, "result_json": "{ \"score\": 4579, \"pass\": true }", "log_text": "Center court party me read.", "created_at": "2019-06-24T02:45:21.252Z", "updated_at": "2019-06-24T02:45:21.252Z"}}, {"model": "contest.job", "pk": 39, "fields": {"team": 8, "status": "done", "is_passed": true, "score": 33445, "result_json": "{ \"score\": 33445, \"pass\": true }", "log_text": "Deep model region factor trade evidence.", "created_at": "2019-06-24T02:45:21.258Z", "updated_at": "2019-06-24T02:45:21.258Z"}}, {"model": "contest.job", "pk": 40, "fields": {"team": 9, "status": "done", "is_passed": true, "score": 74753, "result_json": "{ \"score\": 74753, \"pass\": true }", "log_text": "Lead poor trouble scene brother subject popular.", "created_at": "2019-06-24T02:45:21.750Z", "updated_at": "2019-06-24T02:45:21.750Z"}}, {"model": "contest.job", "pk": 41, "fields": {"team": 9, "status": "done", "is_passed": true, "score": 71220, "result_json": "{ \"score\": 71220, \"pass\": true }", "log_text": "Future quite turn sister.", "created_at": "2019-06-24T02:45:21.763Z", "updated_at": "2019-06-24T02:45:21.763Z"}}, {"model": "contest.job", "pk": 42, "fields": {"team": 9, "status": "done", "is_passed": false, "score": 0, "result_json": "{ \"score\": 0, \"pass\": false }", "log_text": "However clearly quality market stay.", "created_at": "2019-06-24T02:45:21.769Z", "updated_at": "2019-06-24T02:45:21.769Z"}}, {"model": "contest.job", "pk": 43, "fields": {"team": 9, "status": "done", "is_passed": true, "score": 61854, "result_json": "{ \"score\": 61854, \"pass\": true }", "log_text": "Opportunity film answer put.", "created_at": "2019-06-24T02:45:21.775Z", "updated_at": "2019-06-24T02:45:21.775Z"}}, {"model": "contest.job", "pk": 44, "fields": {"team": 10, "status": "done", "is_passed": true, "score": 25085, "result_json": "{ \"score\": 25085, \"pass\": true }", "log_text": "War movie long democratic.", "created_at": "2019-06-24T02:45:22.260Z", "updated_at": "2019-06-24T02:45:22.260Z"}}, {"model": "contest.job", "pk": 45, "fields": {"team": 10, "status": "done", "is_passed": true, "score": 46357, "result_json": "{ \"score\": 46357, \"pass\": true }", "log_text": "Majority collection such alone.", "created_at": "2019-06-24T02:45:22.266Z", "updated_at": "2019-06-24T02:45:22.266Z"}}, {"model": "contest.job", "pk": 46, "fields": {"team": 10, "status": "done", "is_passed": true, "score": 54486, "result_json": "{ \"score\": 54486, \"pass\": true }", "log_text": "According house look sit certainly.", "created_at": "2019-06-24T02:45:22.271Z", "updated_at": "2019-06-24T02:45:22.271Z"}}, {"model": "contest.job", "pk": 47, "fields": {"team": 10, "status": "done", "is_passed": true, "score": 65831, "result_json": "{ \"score\": 65831, \"pass\": true }", "log_text": "Set sense happy him.", "created_at": "2019-06-24T02:45:22.277Z", "updated_at": "2019-06-24T02:45:22.277Z"}}, {"model": "contest.job", "pk": 48, "fields": {"team": 10, "status": "done", "is_passed": false, "score": 0, "result_json": "{ \"score\": 0, \"pass\": false }", "log_text": "Sure agency study plant ask every effort mission.", "created_at": "2019-06-24T02:45:22.283Z", "updated_at": "2019-06-24T02:45:22.283Z"}}, {"model": "contest.job", "pk": 49, "fields": {"team": 10, "status": "done", "is_passed": false, "score": 0, "result_json": "{ \"score\": 0, \"pass\": false }", "log_text": "Foreign wife girl idea school truth drive.", "created_at": "2019-06-24T02:45:22.288Z", "updated_at": "2019-06-24T02:45:22.288Z"}}, {"model": "contest.job", "pk": 50, "fields": {"team": 10, "status": "done", "is_passed": false, "score": 0, "result_json": "{ \"score\": 0, \"pass\": false }", "log_text": "Occur hair school.", "created_at": "2019-06-24T02:45:22.294Z", "updated_at": "2019-06-24T02:45:22.295Z"}}, {"model": "contest.job", "pk": 51, "fields": {"team": 10, "status": "done", "is_passed": false, "score": 0, "result_json": "{ \"score\": 0, \"pass\": false }", "log_text": "Low could ability collection one if actually.", "created_at": "2019-06-24T02:45:22.300Z", "updated_at": "2019-06-24T02:45:22.300Z"}}, {"model": "contest.job", "pk": 52, "fields": {"team": 10, "status": "done", "is_passed": true, "score": 71691, "result_json": "{ \"score\": 71691, \"pass\": true }", "log_text": "Ahead write admit wide tree front toward.", "created_at": "2019-06-24T02:45:22.306Z", "updated_at": "2019-06-24T02:45:22.306Z"}}, {"model": "contest.aggregatedscore", "pk": 1, "fields": {"best_score": 15927, "latest_score": 15927, "latest_is_passed": false}}, {"model": "contest.aggregatedscore", "pk": 2, "fields": {"best_score": 19385, "latest_score": 19385, "latest_is_passed": true}}, {"model": "contest.aggregatedscore", "pk": 3, "fields": {"best_score": 58825, "latest_score": 14764, "latest_is_passed": true}}, {"model": "contest.aggregatedscore", "pk": 4, "fields": {"best_score": 81144, "latest_score": 81144, "latest_is_passed": false}}, {"model": "contest.aggregatedscore", "pk": 5, "fields": {"best_score": 59565, "latest_score": 59565, "latest_is_passed": true}}, {"model": "contest.aggregatedscore", "pk": 6, "fields": {"best_score": 44325, "latest_score": 44325, "latest_is_passed": false}}, {"model": "contest.aggregatedscore", "pk": 7, "fields": {"best_score": 57137, "latest_score": 57137, "latest_is_passed": true}}, {"model": "contest.aggregatedscore", "pk": 8, "fields": {"best_score": 74276, "latest_score": 33445, "latest_is_passed": true}}, {"model": "contest.aggregatedscore", "pk": 9, "fields": {"best_score": 74753, "latest_score": 61854, "latest_is_passed": true}}, {"model": "contest.aggregatedscore", "pk": 10, "fields": {"best_score": 71691, "latest_score": 71691, "latest_is_passed": true}}, {"model": "auth.permission", "pk": 1, "fields": {"name": "Can add log entry", "content_type": 1, "codename": "add_logentry"}}, {"model": "auth.permission", "pk": 2, "fields": {"name": "Can change log entry", "content_type": 1, "codename": "change_logentry"}}, {"model": "auth.permission", "pk": 3, "fields": {"name": "Can delete log entry", "content_type": 1, "codename": "delete_logentry"}}, {"model": "auth.permission", "pk": 4, "fields": {"name": "Can view log entry", "content_type": 1, "codename": "view_logentry"}}, {"model": "auth.permission", "pk": 5, "fields": {"name": "Can add permission", "content_type": 2, "codename": "add_permission"}}, {"model": "auth.permission", "pk": 6, "fields": {"name": "Can change permission", "content_type": 2, "codename": "change_permission"}}, {"model": "auth.permission", "pk": 7, "fields": {"name": "Can delete permission", "content_type": 2, "codename": "delete_permission"}}, {"model": "auth.permission", "pk": 8, "fields": {"name": "Can view permission", "content_type": 2, "codename": "view_permission"}}, {"model": "auth.permission", "pk": 9, "fields": {"name": "Can add group", "content_type": 3, "codename": "add_group"}}, {"model": "auth.permission", "pk": 10, "fields": {"name": "Can change group", "content_type": 3, "codename": "change_group"}}, {"model": "auth.permission", "pk": 11, "fields": {"name": "Can delete group", "content_type": 3, "codename": "delete_group"}}, {"model": "auth.permission", "pk": 12, "fields": {"name": "Can view group", "content_type": 3, "codename": "view_group"}}, {"model": "auth.permission", "pk": 13, "fields": {"name": "Can add content type", "content_type": 4, "codename": "add_contenttype"}}, {"model": "auth.permission", "pk": 14, "fields": {"name": "Can change content type", "content_type": 4, "codename": "change_contenttype"}}, {"model": "auth.permission", "pk": 15, "fields": {"name": "Can delete content type", "content_type": 4, "codename": "delete_contenttype"}}, {"model": "auth.permission", "pk": 16, "fields": {"name": "Can view content type", "content_type": 4, "codename": "view_contenttype"}}, {"model": "auth.permission", "pk": 17, "fields": {"name": "Can add session", "content_type": 5, "codename": "add_session"}}, {"model": "auth.permission", "pk": 18, "fields": {"name": "Can change session", "content_type": 5, "codename": "change_session"}}, {"model": "auth.permission", "pk": 19, "fields": {"name": "Can delete session", "content_type": 5, "codename": "delete_session"}}, {"model": "auth.permission", "pk": 20, "fields": {"name": "Can view session", "content_type": 5, "codename": "view_session"}}, {"model": "auth.permission", "pk": 21, "fields": {"name": "Can add user", "content_type": 6, "codename": "add_user"}}, {"model": "auth.permission", "pk": 22, "fields": {"name": "Can change user", "content_type": 6, "codename": "change_user"}}, {"model": "auth.permission", "pk": 23, "fields": {"name": "Can delete user", "content_type": 6, "codename": "delete_user"}}, {"model": "auth.permission", "pk": 24, "fields": {"name": "Can view user", "content_type": 6, "codename": "view_user"}}, {"model": "auth.permission", "pk": 25, "fields": {"name": "Can add \u30c1\u30fc\u30e0", "content_type": 7, "codename": "add_team"}}, {"model": "auth.permission", "pk": 26, "fields": {"name": "Can change \u30c1\u30fc\u30e0", "content_type": 7, "codename": "change_team"}}, {"model": "auth.permission", "pk": 27, "fields": {"name": "Can delete \u30c1\u30fc\u30e0", "content_type": 7, "codename": "delete_team"}}, {"model": "auth.permission", "pk": 28, "fields": {"name": "Can view \u30c1\u30fc\u30e0", "content_type": 7, "codename": "view_team"}}, {"model": "auth.permission", "pk": 29, "fields": {"name": "Can add \u30d9\u30f3\u30c1\u30de\u30fc\u30ab\u30fc", "content_type": 8, "codename": "add_benchmarker"}}, {"model": "auth.permission", "pk": 30, "fields": {"name": "Can change \u30d9\u30f3\u30c1\u30de\u30fc\u30ab\u30fc", "content_type": 8, "codename": "change_benchmarker"}}, {"model": "auth.permission", "pk": 31, "fields": {"name": "Can delete \u30d9\u30f3\u30c1\u30de\u30fc\u30ab\u30fc", "content_type": 8, "codename": "delete_benchmarker"}}, {"model": "auth.permission", "pk": 32, "fields": {"name": "Can view \u30d9\u30f3\u30c1\u30de\u30fc\u30ab\u30fc", "content_type": 8, "codename": "view_benchmarker"}}, {"model": "auth.permission", "pk": 33, "fields": {"name": "Can add \u30b5\u30fc\u30d0", "content_type": 9, "codename": "add_server"}}, {"model": "auth.permission", "pk": 34, "fields": {"name": "Can change \u30b5\u30fc\u30d0", "content_type": 9, "codename": "change_server"}}, {"model": "auth.permission", "pk": 35, "fields": {"name": "Can delete \u30b5\u30fc\u30d0", "content_type": 9, "codename": "delete_server"}}, {"model": "auth.permission", "pk": 36, "fields": {"name": "Can view \u30b5\u30fc\u30d0", "content_type": 9, "codename": "view_server"}}, {"model": "auth.permission", "pk": 37, "fields": {"name": "Can add \u30b9\u30b3\u30a2\u5c65\u6b74", "content_type": 10, "codename": "add_scorehistory"}}, {"model": "auth.permission", "pk": 38, "fields": {"name": "Can change \u30b9\u30b3\u30a2\u5c65\u6b74", "content_type": 10, "codename": "change_scorehistory"}}, {"model": "auth.permission", "pk": 39, "fields": {"name": "Can delete \u30b9\u30b3\u30a2\u5c65\u6b74", "content_type": 10, "codename": "delete_scorehistory"}}, {"model": "auth.permission", "pk": 40, "fields": {"name": "Can view \u30b9\u30b3\u30a2\u5c65\u6b74", "content_type": 10, "codename": "view_scorehistory"}}, {"model": "auth.permission", "pk": 41, "fields": {"name": "Can add \u96c6\u8a08\u30b9\u30b3\u30a2", "content_type": 11, "codename": "add_aggregatedscore"}}, {"model": "auth.permission", "pk": 42, "fields": {"name": "Can change \u96c6\u8a08\u30b9\u30b3\u30a2", "content_type": 11, "codename": "change_aggregatedscore"}}, {"model": "auth.permission", "pk": 43, "fields": {"name": "Can delete \u96c6\u8a08\u30b9\u30b3\u30a2", "content_type": 11, "codename": "delete_aggregatedscore"}}, {"model": "auth.permission", "pk": 44, "fields": {"name": "Can view \u96c6\u8a08\u30b9\u30b3\u30a2", "content_type": 11, "codename": "view_aggregatedscore"}}, {"model": "auth.permission", "pk": 45, "fields": {"name": "Can add \u30b8\u30e7\u30d6", "content_type": 12, "codename": "add_job"}}, {"model": "auth.permission", "pk": 46, "fields": {"name": "Can change \u30b8\u30e7\u30d6", "content_type": 12, "codename": "change_job"}}, {"model": "auth.permission", "pk": 47, "fields": {"name": "Can delete \u30b8\u30e7\u30d6", "content_type": 12, "codename": "delete_job"}}, {"model": "auth.permission", "pk": 48, "fields": {"name": "Can view \u30b8\u30e7\u30d6", "content_type": 12, "codename": "view_job"}}, {"model": "authentication.user", "pk": 1, "fields": {"password": "", "last_login": null, "is_superuser": false, "username": "user0", "first_name": "", "last_name": "", "email": "", "is_staff": false, "is_active": true, "date_joined": "2019-06-24T02:45:17.200Z", "team": null, "groups": [], "user_permissions": []}}, {"model": "authentication.user", "pk": 2, "fields": {"password": "", "last_login": null, "is_superuser": false, "username": "user1", "first_name": "", "last_name": "", "email": "", "is_staff": false, "is_active": true, "date_joined": "2019-06-24T02:45:17.413Z", "team": null, "groups": [], "user_permissions": []}}, {"model": "authentication.user", "pk": 3, "fields": {"password": "", "last_login": null, "is_superuser": false, "username": "user2", "first_name": "", "last_name": "", "email": "", "is_staff": false, "is_active": true, "date_joined": "2019-06-24T02:45:17.699Z", "team": null, "groups": [], "user_permissions": []}}, {"model": "authentication.user", "pk": 4, "fields": {"password": "", "last_login": null, "is_superuser": false, "username": "user3", "first_name": "", "last_name": "", "email": "", "is_staff": false, "is_active": true, "date_joined": "2019-06-24T02:45:17.878Z", "team": null, "groups": [], "user_permissions": []}}, {"model": "authentication.user", "pk": 5, "fields": {"password": "", "last_login": null, "is_superuser": false, "username": "user4", "first_name": "", "last_name": "", "email": "", "is_staff": false, "is_active": true, "date_joined": "2019-06-24T02:45:18.159Z", "team": null, "groups": [], "user_permissions": []}}, {"model": "authentication.user", "pk": 6, "fields": {"password": "", "last_login": null, "is_superuser": false, "username": "user5", "first_name": "", "last_name": "", "email": "", "is_staff": false, "is_active": true, "date_joined": "2019-06-24T02:45:18.390Z", "team": null, "groups": [], "user_permissions": []}}, {"model": "authentication.user", "pk": 7, "fields": {"password": "", "last_login": null, "is_superuser": false, "username": "user6", "first_name": "", "last_name": "", "email": "", "is_staff": false, "is_active": true, "date_joined": "2019-06-24T02:45:18.392Z", "team": null, "groups": [], "user_permissions": []}}, {"model": "authentication.user", "pk": 8, "fields": {"password": "", "last_login": null, "is_superuser": false, "username": "user7", "first_name": "", "last_name": "", "email": "", "is_staff": false, "is_active": true, "date_joined": "2019-06-24T02:45:18.717Z", "team": null, "groups": [], "user_permissions": []}}, {"model": "authentication.user", "pk": 9, "fields": {"password": "", "last_login": null, "is_superuser": false, "username": "user8", "first_name": "", "last_name": "", "email": "", "is_staff": false, "is_active": true, "date_joined": "2019-06-24T02:45:18.904Z", "team": null, "groups": [], "user_permissions": []}}, {"model": "authentication.user", "pk": 10, "fields": {"password": "", "last_login": null, "is_superuser": false, "username": "user9", "first_name": "", "last_name": "", "email": "", "is_staff": false, "is_active": true, "date_joined": "2019-06-24T02:45:18.906Z", "team": null, "groups": [], "user_permissions": []}}, {"model": "authentication.user", "pk": 11, "fields": {"password": "", "last_login": null, "is_superuser": false, "username": "user10", "first_name": "", "last_name": "", "email": "", "is_staff": false, "is_active": true, "date_joined": "2019-06-24T02:45:19.225Z", "team": null, "groups": [], "user_permissions": []}}, {"model": "authentication.user", "pk": 12, "fields": {"password": "", "last_login": null, "is_superuser": false, "username": "user11", "first_name": "", "last_name": "", "email": "", "is_staff": false, "is_active": true, "date_joined": "2019-06-24T02:45:19.426Z", "team": null, "groups": [], "user_permissions": []}}, {"model": "authentication.user", "pk": 13, "fields": {"password": "", "last_login": null, "is_superuser": false, "username": "user12", "first_name": "", "last_name": "", "email": "", "is_staff": false, "is_active": true, "date_joined": "2019-06-24T02:45:19.794Z", "team": null, "groups": [], "user_permissions": []}}, {"model": "authentication.user", "pk": 14, "fields": {"password": "", "last_login": null, "is_superuser": false, "username": "user13", "first_name": "", "last_name": "", "email": "", "is_staff": false, "is_active": true, "date_joined": "2019-06-24T02:45:19.978Z", "team": null, "groups": [], "user_permissions": []}}, {"model": "authentication.user", "pk": 15, "fields": {"password": "", "last_login": null, "is_superuser": false, "username": "user14", "first_name": "", "last_name": "", "email": "", "is_staff": false, "is_active": true, "date_joined": "2019-06-24T02:45:20.266Z", "team": null, "groups": [], "user_permissions": []}}, {"model": "authentication.user", "pk": 16, "fields": {"password": "", "last_login": null, "is_superuser": false, "username": "user15", "first_name": "", "last_name": "", "email": "", "is_staff": false, "is_active": true, "date_joined": "2019-06-24T02:45:20.459Z", "team": null, "groups": [], "user_permissions": []}}, {"model": "authentication.user", "pk": 17, "fields": {"password": "", "last_login": null, "is_superuser": false, "username": "user16", "first_name": "", "last_name": "", "email": "", "is_staff": false, "is_active": true, "date_joined": "2019-06-24T02:45:20.766Z", "team": null, "groups": [], "user_permissions": []}}, {"model": "authentication.user", "pk": 18, "fields": {"password": "", "last_login": null, "is_superuser": false, "username": "user17", "first_name": "", "last_name": "", "email": "", "is_staff": false, "is_active": true, "date_joined": "2019-06-24T02:45:20.951Z", "team": null, "groups": [], "user_permissions": []}}, {"model": "authentication.user", "pk": 19, "fields": {"password": "", "last_login": null, "is_superuser": false, "username": "user18", "first_name": "", "last_name": "", "email": "", "is_staff": false, "is_active": true, "date_joined": "2019-06-24T02:45:21.263Z", "team": null, "groups": [], "user_permissions": []}}, {"model": "authentication.user", "pk": 20, "fields": {"password": "", "last_login": null, "is_superuser": false, "username": "user19", "first_name": "", "last_name": "", "email": "", "is_staff": false, "is_active": true, "date_joined": "2019-06-24T02:45:21.450Z", "team": null, "groups": [], "user_permissions": []}}, {"model": "authentication.user", "pk": 21, "fields": {"password": "", "last_login": null, "is_superuser": false, "username": "user20", "first_name": "", "last_name": "", "email": "", "is_staff": false, "is_active": true, "date_joined": "2019-06-24T02:45:21.453Z", "team": null, "groups": [], "user_permissions": []}}, {"model": "authentication.user", "pk": 22, "fields": {"password": "", "last_login": null, "is_superuser": false, "username": "user21", "first_name": "", "last_name": "", "email": "", "is_staff": false, "is_active": true, "date_joined": "2019-06-24T02:45:21.781Z", "team": null, "groups": [], "user_permissions": []}}, {"model": "authentication.user", "pk": 23, "fields": {"password": "", "last_login": null, "is_superuser": false, "username": "user22", "first_name": "", "last_name": "", "email": "", "is_staff": false, "is_active": true, "date_joined": "2019-06-24T02:45:21.977Z", "team": null, "groups": [], "user_permissions": []}}, {"model": "authentication.team", "pk": 1, "fields": {"owner": 1, "is_active": true, "name": "team0", "password": "pbkdf2_sha256$150000$616Lgov7rSe5$G/LMyw+EEjxQNTuR1tsgu+M56z1EqIfxtSloBjasD+c=", "benchmarker": 1, "aggregated_score": 1}}, {"model": "authentication.team", "pk": 2, "fields": {"owner": 3, "is_active": true, "name": "team1", "password": "pbkdf2_sha256$150000$bEWwarlwb2SM$/1zyGXRwI2OtBWVwrks6Dp73Du4d/UzmPYlW1kL6FbU=", "benchmarker": 2, "aggregated_score": 2}}, {"model": "authentication.team", "pk": 3, "fields": {"owner": 5, "is_active": true, "name": "team2", "password": "pbkdf2_sha256$150000$fd0yIwpd783S$SiQES+W0wlJQfyxd5+aihB9UGUu0EIG+2R2U2nuW+UA=", "benchmarker": 3, "aggregated_score": 3}}, {"model": "authentication.team", "pk": 4, "fields": {"owner": 8, "is_active": true, "name": "team3", "password": "pbkdf2_sha256$150000$HYYuPsb0xJ3G$09AENIywuwPk/XAf3jUAlr2bGOFwWLnwN2m7FMz2698=", "benchmarker": 4, "aggregated_score": 4}}, {"model": "authentication.team", "pk": 5, "fields": {"owner": 11, "is_active": true, "name": "team4", "password": "pbkdf2_sha256$150000$3LiO3IP9BPyo$/PJNZmkmvPTrEU5oWar/dr9h2MYlEdstrURrLchNGsA=", "benchmarker": 5, "aggregated_score": 5}}, {"model": "authentication.team", "pk": 6, "fields": {"owner": 13, "is_active": true, "name": "team5", "password": "pbkdf2_sha256$150000$1LnYg1fYQWJF$5ki4bJbyIbUdXQHmWoVeaoZDX/fsk7X3v/4fSVQVzCo=", "benchmarker": 6, "aggregated_score": 6}}, {"model": "authentication.team", "pk": 7, "fields": {"owner": 15, "is_active": true, "name": "team6", "password": "pbkdf2_sha256$150000$2yvDIH1xP49c$dgmfew6dY9GKhHGtfLO4JafTFJJVlTXNt/mXQo3DS8Q=", "benchmarker": 7, "aggregated_score": 7}}, {"model": "authentication.team", "pk": 8, "fields": {"owner": 17, "is_active": true, "name": "team7", "password": "pbkdf2_sha256$150000$hc4HC6OCbJBx$7b/77SNxdNsnlQ0Tdiua/u1CTGwxa1+igcgQa21jego=", "benchmarker": 8, "aggregated_score": 8}}, {"model": "authentication.team", "pk": 9, "fields": {"owner": 19, "is_active": true, "name": "team8", "password": "pbkdf2_sha256$150000$oGfXqKDAvCEu$zPe+5hFP94n/6eRhdKk0LUW3hPXr8ZktNJZkx1v51to=", "benchmarker": 9, "aggregated_score": 9}}, {"model": "authentication.team", "pk": 10, "fields": {"owner": 22, "is_active": true, "name": "team9", "password": "pbkdf2_sha256$150000$0REh2I0DVhWc$cda2sJB/NQmtDiuHzS+0w/E/neKf5BxHHjUql25szPI=", "benchmarker": 10, "aggregated_score": 10}}]